{"stats":{"minecraft:killed":{"minecraft:sheep":2},"minecraft:dropped":{"minecraft:player_head":1},"minecraft:used":{"minecraft:coal_ore":1,"minecraft:experience_bottle":16},"minecraft:picked_up":{"minecraft:wheat_seeds":7,"minecraft:player_head":1,"minecraft:mutton":3,"minecraft:white_wool":2},"minecraft:mined":{"minecraft:grass":35,"minecraft:tall_grass":11},"minecraft:custom":{"minecraft:time_since_rest":61942,"minecraft:crouch_one_cm":229,"minecraft:play_time":61942,"minecraft:sprint_one_cm":84593,"minecraft:walk_one_cm":88136,"minecraft:sneak_time":145,"minecraft:mob_kills":2,"minecraft:drop":1,"minecraft:jump":82,"minecraft:damage_dealt":159,"minecraft:leave_game":1,"minecraft:time_since_death":61942,"minecraft:total_world_time":61942,"minecraft:fall_one_cm":1103,"minecraft:fly_one_cm":18699}},"DataVersion":3120}