{"stats":{"minecraft:killed":{"minecraft:sheep":2},"minecraft:dropped":{"minecraft:player_head":1,"minecraft:diamond_pickaxe":1},"minecraft:used":{"minecraft:coal_ore":1,"minecraft:experience_bottle":16},"minecraft:picked_up":{"minecraft:wheat_seeds":7,"minecraft:player_head":1,"minecraft:mutton":3,"minecraft:white_wool":2,"minecraft:diamond_pickaxe":1},"minecraft:mined":{"minecraft:grass":35,"minecraft:tall_grass":11},"minecraft:custom":{"minecraft:time_since_rest":77013,"minecraft:crouch_one_cm":301,"minecraft:play_time":77013,"minecraft:sprint_one_cm":93890,"minecraft:walk_one_cm":97407,"minecraft:sneak_time":215,"minecraft:mob_kills":2,"minecraft:drop":2,"minecraft:jump":91,"minecraft:damage_dealt":159,"minecraft:leave_game":5,"minecraft:time_since_death":77013,"minecraft:total_world_time":77013,"minecraft:fall_one_cm":5297,"minecraft:fly_one_cm":179423}},"DataVersion":3120}