{"entries":[{"playerName":"Panncitooo","playerDisplayName":"Panncitooo","prefix":"\u0026#E8E8E8 \u00267","suffix":"\u00267","playerID":"9863f43e-342e-33ca-852b-4761cefac735","position":1,"board":"vault_eco_balance","type":"DAILY","score":0.0},{"playerName":"LuboQ","playerDisplayName":"LuboQ","prefix":"\u0026#E8E8E8 \u00267","suffix":"\u00267","playerID":"54096fbf-0d39-3a29-a81e-ce5bb59414fe","position":2,"board":"vault_eco_balance","type":"DAILY","score":0.0},{"playerName":"EDINVg4","playerDisplayName":"EDINVg4","prefix":"\u0026#ee2424\u0026lADMIN \u00267","suffix":"\u0026#ee2424","playerID":"057bd153-75e0-3333-83ab-71d1e0377595","position":3,"board":"vault_eco_balance","type":"DAILY","score":0.0},{"playerName":"---","playerDisplayName":"---","prefix":"","suffix":"","position":4,"board":"vault_eco_balance","type":"DAILY","score":-1.0},{"playerName":"---","playerDisplayName":"---","prefix":"","suffix":"","position":5,"board":"vault_eco_balance","type":"DAILY","score":-1.0},{"playerName":"---","playerDisplayName":"---","prefix":"","suffix":"","position":6,"board":"vault_eco_balance","type":"DAILY","score":-1.0},{"playerName":"---","playerDisplayName":"---","prefix":"","suffix":"","position":7,"board":"vault_eco_balance","type":"DAILY","score":-1.0},{"playerName":"---","playerDisplayName":"---","prefix":"","suffix":"","position":8,"board":"vault_eco_balance","type":"DAILY","score":-1.0},{"playerName":"---","playerDisplayName":"---","prefix":"","suffix":"","position":9,"board":"vault_eco_balance","type":"DAILY","score":-1.0},{"playerName":"---","playerDisplayName":"---","prefix":"","suffix":"","position":10,"board":"vault_eco_balance","type":"DAILY","score":-1.0}],"meta":{"time":1715905581132,"type":"DAILY","board":"vault_eco_balance"}}